date,relative_orbit,pass,platform,mode
2025-05-02 23:55:35,150,DESCENDING,A,IW
2025-05-09 23:47:18,77,DESCENDING,A,IW
2025-05-14 23:55:35,150,DESCENDING,A,IW
2025-05-21 23:47:17,77,DESCENDING,A,IW
2025-05-26 23:55:34,150,DESCENDING,A,IW
2025-06-02 23:47:17,77,DESCENDING,A,IW
2025-06-07 23:55:34,150,DESCENDING,A,IW
2025-07-08 23:47:15,77,DESCENDING,A,IW
2025-07-13 23:55:32,150,DESCENDING,A,IW
2025-07-20 23:47:14,77,DESCENDING,A,IW
2025-07-25 23:55:32,150,DESCENDING,A,IW
2025-08-01 23:47:15,77,DESCENDING,A,IW
2025-08-06 23:55:22,150,DESCENDING,A,IW
2025-08-13 23:47:04,77,DESCENDING,A,IW
2025-08-13 23:47:29,77,DESCENDING,A,IW
2025-08-18 23:55:22,150,DESCENDING,A,IW
2025-08-25 23:47:04,77,DESCENDING,A,IW
2025-08-25 23:47:29,77,DESCENDING,A,IW
2025-08-30 23:55:22,150,DESCENDING,A,IW
2025-09-06 23:47:04,77,DESCENDING,A,IW
2025-09-06 23:47:29,77,DESCENDING,A,IW
2025-09-11 23:55:22,150,DESCENDING,A,IW
2025-09-18 23:47:05,77,DESCENDING,A,IW
2025-09-18 23:47:30,77,DESCENDING,A,IW
2025-09-23 23:55:22,150,DESCENDING,A,IW
